sales_agent,regional_office
Anna Snelling,Central
Cecily Lampkin,Central
Versie Hillebrand,Central
Lajuana Vencill,Central
Moses Frase,Central
Jonathan Berthelot,Central
Marty Freudenburg,Central
Gladys Colclough,Central
Niesha Huffines,Central
Darcel Schlecht,Central
Mei-Mei Johns,Central
Violet Mclelland,East
Corliss Cosme,East
Rosie Papadopoulos,East
Garret Kinder,East
Wilburn Farren,East
Elizabeth Anderson,East
Daniell Hammack,East
Cassey Cress,East
Donn Cantrell,East
Reed Clapper,East
Boris Faz,East
Natalya Ivanova,East
Vicki Laflamme,West
Rosalina Dieter,West
Hayden Neloms,West
Markita Hansen,West
Elease Gluck,West
Carol Thompson,West
James Ascencio,West
Kary Hendrixson,West
Kami Bicknell,West
Zane Levy,West
Maureen Marcano,West
Carl Lin,West
